entry_id,length_tc,length_tcn,length_tl,percent_marginal_tc,percent_marginal_tcn,percent_marginal_tl,percent_continued_tc,percent_continued_tcn,percent_continued_tl
001r_1,292,302,299,95.20547945205479,95.03311258278146,94.98327759197325,0.0,0.0,0.0
001r_2,133,140,131,96.2406015037594,95.0,96.18320610687023,0.0,0.0,0.0
001r_3,1502,1513,1511,97.93608521970705,97.95109054857899,98.14692256783587,0.0,0.0,0.0
001r_4,94,98,96,81.91489361702128,82.65306122448979,84.375,0.0,0.0,0.0
001v_1,392,406,372,0.0,0.0,0.0,0.0,0.0,0.0
002r_1,142,142,138,0.0,0.0,0.0,0.0,0.0,0.0
002r_2,87,89,82,0.0,0.0,0.0,0.0,0.0,0.0
002v_1,98,102,101,0.0,0.0,0.0,0.0,0.0,0.0
002v_2,388,415,404,0.0,0.0,0.0,0.0,0.0,0.0
002v_3,107,112,113,0.0,0.0,0.0,0.0,0.0,0.0
003r_1,1882,1929,1855,63.70882040382572,64.02280974598237,64.4743935309973,0.0,0.0,0.0
003r_2,1289,1326,1252,37.470907680372385,37.33031674208145,37.85942492012779,0.0,0.0,0.0
003r_3,1526,1574,1571,14.875491480996068,14.993646759847522,15.340547422024189,69.79030144167758,70.01270648030496,70.52832590706556
003v_1,459,471,443,0.0,0.0,0.0,0.0,0.0,0.0
004r_1,1491,1544,1448,10.865191146881287,10.94559585492228,12.223756906077348,0.0,0.0,0.0
004r_2,558,574,532,6.451612903225806,6.620209059233449,7.142857142857143,0.0,0.0,0.0
004v_1,1369,1424,1398,45.2154857560263,45.36516853932584,45.994277539341915,0.0,0.0,0.0
004v_2,329,338,333,0.0,0.0,0.0,0.0,0.0,0.0
004v_3,816,838,808,0.0,0.0,0.0,25.857843137254903,25.77565632458234,24.133663366336634
005r_1,1443,1501,1395,0.0693000693000693,0.06662225183211193,0.07168458781362007,0.0,0.0,0.0
005r_2,1835,1880,1973,0.0,0.0,0.0,79.12806539509536,79.09574468085107,76.9386720729853
005v_1,492,506,482,0.0,0.0,0.0,0.0,0.0,0.0
006r_1,2036,2095,2031,0.0,0.0,0.0,0.0,0.0,0.0
006v_1,1280,1315,1259,9.6875,9.581749049429657,9.451945988880064,0.0,0.0,0.0
006v_2,610,625,586,0.0,0.0,0.0,0.0,0.0,0.0
007r_1,1074,1115,1061,0.0,0.0,0.0,0.0,0.0,0.0
007r_2,369,381,396,0.0,0.0,0.0,0.0,0.0,0.0
007r_3,144,146,120,0.0,0.0,0.0,0.0,0.0,0.0
007r_4,593,604,542,24.957841483979763,24.834437086092716,26.568265682656826,0.0,0.0,0.0
007v_1,355,362,335,0.0,0.0,0.0,0.0,0.0,0.0
007v_2,448,456,432,0.0,0.0,0.0,0.0,0.0,0.0
007v_3,523,536,535,0.0,0.0,0.0,0.0,0.0,0.0
007v_4,250,253,254,0.0,0.0,0.0,0.0,0.0,0.0
008r_1,184,191,184,0.0,0.0,0.0,0.0,0.0,0.0
008r_2,160,162,140,0.0,0.0,0.0,0.0,0.0,0.0
008r_3,499,512,477,0.0,0.0,0.0,0.0,0.0,0.0
008r_4,223,229,221,0.0,0.0,0.0,0.0,0.0,0.0
008v_1,140,143,118,0.0,0.0,0.0,0.0,0.0,0.0
008v_2,354,365,351,0.0,0.0,0.0,0.0,0.0,0.0
008v_3,307,322,302,0.0,0.0,0.0,0.0,0.0,0.0
008v_4,206,213,180,0.0,0.0,0.0,0.0,0.0,0.0
008v_5,511,534,499,0.0,0.0,0.0,0.0,0.0,0.0
009r_1,841,860,828,0.0,0.0,0.0,0.0,0.0,0.0
009r_2,125,128,123,0.0,0.0,0.0,0.0,0.0,0.0
009r_3,596,610,567,0.0,0.0,0.0,0.0,0.0,0.0
009v_1,735,752,683,0.0,0.0,0.0,0.0,0.0,0.0
009v_2,179,182,172,0.0,0.0,0.0,0.0,0.0,0.0
009v_3,646,647,623,10.990712074303406,10.664605873261205,11.396468699839486,0.0,0.0,0.0
010r_1,1381,1419,1300,52.42577842143374,52.360817477096546,49.07692307692308,0.0,0.0,0.0
010r_2,163,165,162,0.0,0.0,0.0,0.0,0.0,0.0
010r_3,167,170,181,0.0,0.0,0.0,0.0,0.0,0.0
010r_4,274,282,279,0.0,0.0,0.0,0.0,0.0,0.0
010r_5,729,752,757,0.0,0.0,0.0,0.0,0.0,0.0
010v_1,532,549,539,0.0,0.0,0.0,0.0,0.0,0.0
010v_2,211,218,213,0.0,0.0,0.0,0.0,0.0,0.0
010v_3,114,116,100,0.0,0.0,0.0,0.0,0.0,0.0
010v_4,356,362,352,0.0,0.0,0.0,0.0,0.0,0.0
011r_1,2302,2383,2322,0.0,0.0,0.0,0.0,0.0,0.0
011v_1,227,234,212,0.0,0.0,0.0,0.0,0.0,0.0
011v_2,163,164,151,0.0,0.0,0.0,0.0,0.0,0.0
011v_3,156,162,174,0.0,0.0,0.0,0.0,0.0,0.0
011v_4,601,616,589,0.0,0.0,0.0,0.0,0.0,0.0
011v_5,206,215,234,0.0,0.0,0.0,0.0,0.0,0.0
012r_1,678,695,665,55.309734513274336,55.39568345323741,56.99248120300752,0.0,0.0,0.0
012r_2,625,643,651,28.0,27.993779160186627,26.72811059907834,0.0,0.0,0.0
012r_3,555,574,574,0.0,0.0,0.0,0.0,0.0,0.0
012r_4,687,702,734,20.524017467248907,20.655270655270655,18.11989100817439,0.0,0.0,0.0
012v_1,369,375,366,20.05420054200542,20.0,16.939890710382514,0.0,0.0,0.0
012v_2,216,220,207,0.0,0.0,0.0,0.0,0.0,0.0
012v_3,2153,2215,1995,0.0,0.0,0.0,39.15466790524849,39.05191873589165,38.64661654135338
013r_1,290,302,317,0.0,0.0,0.0,0.0,0.0,0.0
013r_2,189,196,189,0.0,0.0,0.0,0.0,0.0,0.0
013r_3,207,210,178,0.0,0.0,0.0,0.0,0.0,0.0
013r_4,471,480,439,0.0,0.0,0.0,35.24416135881104,34.791666666666664,32.80182232346242
013v_1,524,539,514,0.0,0.0,0.0,0.0,0.0,0.0
013v_2,145,147,129,0.0,0.0,0.0,0.0,0.0,0.0
013v_3,321,328,316,0.0,0.0,0.0,0.0,0.0,0.0
013v_4,145,151,151,0.0,0.0,0.0,0.0,0.0,0.0
013v_5,162,168,153,0.0,0.0,0.0,0.0,0.0,0.0
014r_1,2209,2269,2188,0.0,0.0,0.0,0.0,0.0,0.0
015r_1,694,709,684,0.0,0.0,0.0,0.0,0.0,0.0
015r_2,1028,1052,1001,2.9182879377431905,2.8517110266159698,2.997002997002997,0.0,0.0,0.0
015r_3,427,440,427,0.0,0.0,0.0,0.0,0.0,0.0
015v_1,202,215,210,0.0,0.0,0.0,0.0,0.0,0.0
015v_2,201,207,198,0.0,0.0,0.0,0.0,0.0,0.0
015v_3,272,276,274,0.0,0.0,0.0,0.0,0.0,0.0
015v_4,282,284,219,0.0,0.0,0.0,0.0,0.0,0.0
015v_5,291,304,308,0.0,0.0,0.0,0.0,0.0,0.0
015v_6,323,331,358,0.0,0.0,0.0,0.0,0.0,0.0
016r_1,3912,4005,4011,16.87116564417178,16.853932584269664,16.080777860882574,27.351738241308794,27.415730337078653,28.19745699326851
016v_1,107,109,98,0.0,0.0,0.0,0.0,0.0,0.0
016v_2,172,174,188,0.0,0.0,0.0,0.0,0.0,0.0
016v_3,229,235,205,0.0,0.0,0.0,0.0,0.0,0.0
016v_4,171,175,173,0.0,0.0,0.0,0.0,0.0,0.0
016v_5,542,555,529,0.0,0.0,0.0,0.0,0.0,0.0
017r_1,14562,14953,14454,25.051503914297488,25.0919547916806,25.411650754116508,78.23101222359566,78.19835484518157,77.69475577694756
019v_1,726,749,742,0.0,0.0,0.0,0.0,0.0,0.0
019v_2,287,292,272,0.0,0.0,0.0,0.0,0.0,0.0
019v_3,528,540,533,0.0,0.0,0.0,0.0,0.0,0.0
020r_1,1507,1554,1567,0.0,0.0,0.0,0.0,0.0,0.0
020r_2,966,988,938,10.766045548654244,10.82995951417004,11.300639658848613,0.0,0.0,0.0
020v_1,204,210,231,0.0,0.0,0.0,0.0,0.0,0.0
020v_2,462,483,459,0.0,0.0,0.0,0.0,0.0,0.0
020v_3,241,246,236,0.0,0.0,0.0,0.0,0.0,0.0
020v_4,152,156,146,0.0,0.0,0.0,0.0,0.0,0.0
020v_5,209,217,226,0.0,0.0,0.0,0.0,0.0,0.0
020v_6,257,266,257,0.0,0.0,0.0,0.0,0.0,0.0
021r_1,944,969,971,0.0,0.0,0.0,0.0,0.0,0.0
021r_2,1760,1797,1774,5.965909090909091,6.121313299944352,5.52423900789177,31.363636363636363,31.552587646076795,33.42728297632469
021v_1,724,737,766,0.0,0.0,0.0,0.0,0.0,0.0
021v_2,767,793,775,0.0,0.0,0.0,0.0,0.0,0.0
022r_1,100,105,107,41.0,41.904761904761905,42.99065420560748,0.0,0.0,0.0
022v_1,1677,1731,1674,0.05963029218843172,0.057770075101097634,0.05973715651135006,0.0,0.0,0.0
023r_1,4309,4412,4338,17.057321884427942,17.180417044424296,17.88842784693407,34.694824785333026,34.58748866727108,34.57814661134163
023v_1,530,548,544,0.0,0.0,0.0,0.0,0.0,0.0
024r_1,1975,2028,2015,0.0,0.0,0.0,0.0,0.0,0.0
024v_1,4453,4566,4412,11.475409836065573,11.454226894437143,12.058023572076156,50.505277341118344,50.45992115637319,49.048050770625565
024v_2,272,279,264,93.75,93.9068100358423,96.96969696969697,0.0,0.0,0.0
024v_3,238,246,273,93.69747899159664,93.4959349593496,92.67399267399267,0.0,0.0,0.0
024v_4,99,102,106,85.85858585858585,86.27450980392157,75.47169811320755,0.0,0.0,0.0
025v_1,2268,2314,2220,0.0,0.0,0.0,0.0,0.0,0.0
026r_1,110,112,100,85.45454545454545,85.71428571428571,88.0,0.0,0.0,0.0
026r_2,467,477,499,0.0,0.0,0.0,0.0,0.0,0.0
026v_1,20,20,15,0.0,0.0,0.0,0.0,0.0,0.0
027r_1,19,19,15,0.0,0.0,0.0,0.0,0.0,0.0
027r_2,17,17,13,0.0,0.0,0.0,0.0,0.0,0.0
027r_3,19,19,13,0.0,0.0,0.0,0.0,0.0,0.0
027v_1,12,12,10,0.0,0.0,0.0,0.0,0.0,0.0
027v_2,62,63,68,0.0,0.0,0.0,0.0,0.0,0.0
027v_3,32,33,28,0.0,0.0,0.0,0.0,0.0,0.0
027v_4,63,65,59,0.0,0.0,0.0,0.0,0.0,0.0
027v_5,33,34,35,0.0,0.0,0.0,0.0,0.0,0.0
027v_6,39,39,43,0.0,0.0,0.0,0.0,0.0,0.0
027v_7,44,44,41,0.0,0.0,0.0,0.0,0.0,0.0
027v_8,35,35,38,0.0,0.0,0.0,0.0,0.0,0.0
028r_1,135,135,132,74.81481481481481,74.81481481481481,71.21212121212122,0.0,0.0,0.0
028v_1,2360,2442,2329,19.279661016949152,19.615069615069615,20.52382996994418,0.0,0.0,0.0
029r_1,2576,2652,2479,2.0962732919254656,2.1493212669683257,2.097620008067769,0.0,0.0,0.0
029v_1,189,197,204,0.0,0.0,0.0,0.0,0.0,0.0
029v_2,276,284,276,0.0,0.0,0.0,0.0,0.0,0.0
029v_3,73,74,78,0.0,0.0,0.0,0.0,0.0,0.0
029v_4,130,132,137,0.0,0.0,0.0,0.0,0.0,0.0
029v_5,119,120,116,0.0,0.0,0.0,0.0,0.0,0.0
029v_6,1605,1652,1560,40.87227414330218,41.101694915254235,41.08974358974359,0.0,0.0,0.0
030r_1,260,269,244,0.0,0.0,0.0,0.0,0.0,0.0
030r_2,3242,3318,3156,0.0,0.0,0.0,58.91425046267736,58.921036769138034,59.50570342205323
031r_1,146,152,133,0.0,0.0,0.0,0.0,0.0,0.0
031r_2,253,260,245,0.0,0.0,0.0,0.0,0.0,0.0
031r_3,367,381,366,0.0,0.0,0.0,0.0,0.0,0.0
031r_4,173,177,183,0.0,0.0,0.0,0.0,0.0,0.0
031v_1,332,342,292,0.0,0.0,0.0,0.0,0.0,0.0
031v_2,142,149,133,0.0,0.0,0.0,0.0,0.0,0.0
031v_3,144,148,151,0.0,0.0,0.0,0.0,0.0,0.0
031v_4,518,528,523,0.0,0.0,0.0,0.0,0.0,0.0
032r_1,394,400,390,0.0,0.0,0.0,0.0,0.0,0.0
032r_2,339,345,320,0.0,0.0,0.0,0.0,0.0,0.0
032r_3,702,727,710,0.0,0.0,0.0,0.0,0.0,0.0
032v_1,847,876,805,0.0,0.0,0.0,0.0,0.0,0.0
032v_2,418,440,443,0.0,0.0,0.0,0.0,0.0,0.0
032v_3,888,926,870,3.265765765765766,3.67170626349892,4.367816091954023,0.0,0.0,0.0
033r_1,1425,1466,1455,14.31578947368421,14.324693042291951,13.608247422680412,0.0,0.0,0.0
033r_2,730,749,764,0.0,0.0,0.0,0.0,0.0,0.0
033v_1,582,598,631,0.0,0.0,0.0,0.0,0.0,0.0
033v_2,1552,1594,1636,17.332474226804123,17.314930991217064,18.704156479217605,0.0,0.0,0.0
034r_1,220,227,241,0.0,0.0,0.0,0.0,0.0,0.0
034r_2,337,352,331,0.0,0.0,0.0,0.0,0.0,0.0
034r_3,114,115,109,0.0,0.0,0.0,0.0,0.0,0.0
034r_4,212,218,236,0.0,0.0,0.0,0.0,0.0,0.0
034r_5,283,293,277,0.0,0.0,0.0,0.0,0.0,0.0
034v_1,2024,2070,2033,0.0,0.0,0.0,0.0,0.0,0.0
035r_1,287,293,292,0.0,0.0,0.0,0.0,0.0,0.0
035r_2,829,849,816,0.0,0.0,0.0,0.0,0.0,0.0
035r_3,277,284,251,0.0,0.0,0.0,0.0,0.0,0.0
035r_4,177,181,159,0.0,0.0,0.0,0.0,0.0,0.0
035v_1,187,195,171,0.0,0.0,0.0,0.0,0.0,0.0
035v_2,1717,1753,1767,0.0,0.0,0.0,5.76587070471753,5.76155162578437,5.659309564233164
036r_1,1621,1671,1685,0.0,0.0,0.0,0.0,0.0,0.0
036v_1,539,558,501,0.0,0.0,0.0,0.0,0.0,0.0
036v_2,194,200,205,0.0,0.0,0.0,0.0,0.0,0.0
036v_3,1182,1212,1150,10.152284263959391,10.231023102310232,9.652173913043478,0.0,0.0,0.0
037r_1,496,518,510,0.0,0.0,0.0,0.0,0.0,0.0
037r_2,531,542,537,0.0,0.0,0.0,0.0,0.0,0.0
037r_3,165,168,142,0.0,0.0,0.0,0.0,0.0,0.0
037r_4,316,324,295,0.0,0.0,0.0,0.0,0.0,0.0
037v_1,654,679,607,0.0,0.0,0.0,0.0,0.0,0.0
037v_2,962,1005,999,0.0,0.0,0.0,0.0,0.0,0.0
037v_3,539,556,530,0.0,0.0,0.0,0.0,0.0,0.0
038r_1,652,674,713,0.0,0.0,0.0,0.0,0.0,0.0
038r_2,221,225,207,0.0,0.0,0.0,0.0,0.0,0.0
038r_3,705,730,663,0.0,0.0,0.0,0.0,0.0,0.0
038r_4,1512,1557,1463,13.161375661375661,13.294797687861271,12.64524948735475,0.0,0.0,0.0
038v_1,210,216,191,0.0,0.0,0.0,0.0,0.0,0.0
038v_2,243,249,248,0.0,0.0,0.0,0.0,0.0,0.0
038v_3,198,204,207,0.0,0.0,0.0,0.0,0.0,0.0
038v_4,215,221,189,0.0,0.0,0.0,0.0,0.0,0.0
038v_5,332,336,324,0.0,0.0,0.0,0.0,0.0,0.0
038v_6,360,370,341,0.0,0.0,0.0,0.0,0.0,0.0
039r_1,640,670,645,0.0,0.0,0.0,0.0,0.0,0.0
039r_2,1198,1228,1210,0.0,0.0,0.0,0.0,0.0,0.0
039v_1,358,373,360,0.0,0.0,0.0,0.0,0.0,0.0
039v_2,162,166,171,0.0,0.0,0.0,0.0,0.0,0.0
039v_3,2213,2263,2133,0.0,0.0,0.0,16.809760506100318,16.880247459125055,15.705578996718238
040r_1,197,203,183,0.0,0.0,0.0,0.0,0.0,0.0
040r_2,305,317,327,0.0,0.0,0.0,0.0,0.0,0.0
040r_3,431,442,416,0.0,0.0,0.0,0.0,0.0,0.0
040r_4,241,252,259,0.0,0.0,0.0,0.0,0.0,0.0
040r_5,237,244,242,0.0,0.0,0.0,0.0,0.0,0.0
040v_1,505,513,506,0.0,0.0,0.0,0.0,0.0,0.0
040v_2,189,195,182,0.0,0.0,0.0,0.0,0.0,0.0
040v_3,146,153,163,0.0,0.0,0.0,0.0,0.0,0.0
040v_4,656,672,679,0.0,0.0,0.0,0.0,0.0,0.0
041r_02,147,150,147,0.0,0.0,0.0,0.0,0.0,0.0
041r_03,802,827,756,4.239401496259352,4.2321644498186215,3.439153439153439,0.0,0.0,0.0
041r_04,286,294,283,0.0,0.0,0.0,0.0,0.0,0.0
041r_1,813,830,795,0.0,0.0,0.0,0.0,0.0,0.0
041v_1,292,301,303,0.0,0.0,0.0,0.0,0.0,0.0
041v_2,356,366,345,47.19101123595506,47.814207650273225,50.14492753623188,0.0,0.0,0.0
041v_3,1036,1070,1039,0.0,0.0,0.0,0.0,0.0,0.0
042r_1,231,234,244,0.0,0.0,0.0,0.0,0.0,0.0
042r_2,909,930,957,0.0,0.0,0.0,0.0,0.0,0.0
042r_3,498,509,480,0.0,0.0,0.0,0.0,0.0,0.0
042v_1,385,392,409,0.0,0.0,0.0,0.0,0.0,0.0
042v_2,189,193,200,0.0,0.0,0.0,0.0,0.0,0.0
042v_3,130,136,135,0.0,0.0,0.0,0.0,0.0,0.0
042v_4,127,131,138,0.0,0.0,0.0,0.0,0.0,0.0
042v_5,111,114,96,0.0,0.0,0.0,0.0,0.0,0.0
042v_6,347,358,373,0.0,0.0,0.0,0.0,0.0,0.0
043r_1,94,96,117,0.0,0.0,0.0,0.0,0.0,0.0
043r_2,475,485,411,0.0,0.0,0.0,0.0,0.0,0.0
043r_3,812,839,836,0.0,0.0,0.0,0.0,0.0,0.0
043r_4,214,222,202,0.0,0.0,0.0,0.0,0.0,0.0
043v_1,362,373,352,0.0,0.0,0.0,0.0,0.0,0.0
043v_2,78,79,82,0.0,0.0,0.0,0.0,0.0,0.0
043v_3,959,981,1003,0.0,0.0,0.0,0.0,0.0,0.0
043v_4,219,225,242,0.0,0.0,0.0,0.0,0.0,0.0
044r_1,386,400,398,0.0,0.0,0.0,0.0,0.0,0.0
044r_2,390,403,376,8.974358974358974,9.181141439205955,8.24468085106383,0.0,0.0,0.0
044r_3,209,213,203,0.0,0.0,0.0,0.0,0.0,0.0
044r_4,149,156,129,0.0,0.0,0.0,0.0,0.0,0.0
044r_5,578,600,600,0.0,0.0,0.0,0.0,0.0,0.0
044v_1,843,861,797,0.0,0.0,0.0,0.0,0.0,0.0
044v_2,467,476,469,0.0,0.0,0.0,0.0,0.0,0.0
044v_3,302,310,281,0.0,0.0,0.0,0.0,0.0,0.0
044v_4,357,372,330,0.0,0.0,0.0,0.0,0.0,0.0
045r_1,1932,1989,2043,0.5693581780538303,0.5530417295123178,0.39158100832109644,0.0,0.0,0.0
045v_1,713,732,727,0.0,0.0,0.0,0.0,0.0,0.0
045v_2,488,496,503,0.0,0.0,0.0,0.0,0.0,0.0
046r_1,805,827,796,0.0,0.0,0.0,0.0,0.0,0.0
046r_2,80,82,81,0.0,0.0,0.0,0.0,0.0,0.0
046r_3,266,274,282,0.0,0.0,0.0,0.0,0.0,0.0
046r_4,79,81,75,0.0,0.0,0.0,0.0,0.0,0.0
046r_5,149,152,132,0.0,0.0,0.0,0.0,0.0,0.0
046v_1,218,227,214,0.0,0.0,0.0,0.0,0.0,0.0
046v_2,280,288,260,0.0,0.0,0.0,0.0,0.0,0.0
046v_3,188,192,174,0.0,0.0,0.0,0.0,0.0,0.0
046v_4,117,119,111,0.0,0.0,0.0,0.0,0.0,0.0
046v_5,315,322,288,0.0,0.0,0.0,0.0,0.0,0.0
046v_6,125,130,120,0.0,0.0,0.0,0.0,0.0,0.0
046v_7,112,114,110,0.0,0.0,0.0,0.0,0.0,0.0
047r_1,278,289,273,0.0,0.0,0.0,0.0,0.0,0.0
047r_2,97,102,88,0.0,0.0,0.0,0.0,0.0,0.0
047r_3,118,119,127,0.0,0.0,0.0,0.0,0.0,0.0
047r_4,442,453,424,0.0,0.0,0.0,0.0,0.0,0.0
047r_5,469,481,442,0.0,0.0,0.0,0.0,0.0,0.0
047v_1,119,120,124,0.0,0.0,0.0,0.0,0.0,0.0
047v_2,1098,1123,1051,0.0,0.0,0.0,0.0,0.0,0.0
047v_3,135,137,130,0.0,0.0,0.0,0.0,0.0,0.0
047v_4,172,177,157,0.0,0.0,0.0,0.0,0.0,0.0
048r_1,67,68,73,0.0,0.0,0.0,0.0,0.0,0.0
048r_2,223,228,209,0.0,0.0,0.0,0.0,0.0,0.0
048r_3,228,234,231,0.0,0.0,0.0,0.0,0.0,0.0
048r_4,567,577,540,0.0,0.0,0.0,0.0,0.0,0.0
048v_1,929,950,985,0.0,0.0,0.0,0.0,0.0,0.0
048v_2,1822,1877,1838,25.466520307354557,25.519445924347362,24.809575625680086,0.0,0.0,0.0
049r_1,1018,1052,922,11.591355599214145,11.311787072243346,11.279826464208243,0.0,0.0,0.0
049r_2,168,175,160,0.0,0.0,0.0,0.0,0.0,0.0
049r_3,212,221,216,0.0,0.0,0.0,0.0,0.0,0.0
049r_4,793,821,778,0.0,0.0,0.0,0.0,0.0,0.0
049v_1,837,860,790,0.0,0.0,0.0,0.0,0.0,0.0
049v_2,602,619,595,0.0,0.0,0.0,0.0,0.0,0.0
049v_3,796,823,770,11.683417085427136,11.786148238153098,13.376623376623376,0.0,0.0,0.0
050r_1,1303,1350,1333,0.0,0.0,0.0,0.0,0.0,0.0
050r_2,883,904,889,13.250283125707814,13.38495575221239,15.073115860517435,0.0,0.0,0.0
050v_1,1235,1259,1168,0.0,0.0,0.0,0.0,0.0,0.0
050v_2,1281,1328,1273,23.341139734582356,23.19277108433735,23.095051060487037,0.0,0.0,0.0
051r_1,970,1002,992,0.0,0.0,0.0,0.0,0.0,0.0
051r_2,3574,3667,3373,5.540011191941802,5.481319880010908,5.069670916098429,63.48628987129267,63.73056994818653,63.91935962051586
052r_1,3419,3522,3356,0.0,0.0,0.0,27.52266744662182,27.541169789892106,27.830750893921333
052v_1,297,304,301,0.0,0.0,0.0,0.0,0.0,0.0
052v_2,584,595,554,0.0,0.0,0.0,0.0,0.0,0.0
053r_1,492,504,489,0.0,0.0,0.0,0.0,0.0,0.0
053r_2,105,108,122,0.0,0.0,0.0,0.0,0.0,0.0
053r_3,192,199,204,0.0,0.0,0.0,0.0,0.0,0.0
053r_4,226,229,232,0.0,0.0,0.0,0.0,0.0,0.0
053r_5,187,195,207,0.0,0.0,0.0,0.0,0.0,0.0
053r_6,486,499,499,51.02880658436214,51.30260521042084,56.1122244488978,0.0,0.0,0.0
053v_1,4300,4443,4310,3.3488372093023258,3.3310826018456,3.6194895591647334,41.83720930232558,41.841098356966015,42.04176334106729
054v_1,448,458,438,0.0,0.0,0.0,0.0,0.0,0.0
054v_2,253,256,257,0.0,0.0,0.0,0.0,0.0,0.0
054v_3,249,255,274,0.0,0.0,0.0,0.0,0.0,0.0
054v_4,152,154,113,0.0,0.0,0.0,0.0,0.0,0.0
054v_5,136,140,126,0.0,0.0,0.0,0.0,0.0,0.0
055r_1,438,449,419,0.0,0.0,0.0,0.0,0.0,0.0
055r_2,153,155,149,0.0,0.0,0.0,0.0,0.0,0.0
055r_3,270,280,256,0.0,0.0,0.0,0.0,0.0,0.0
055r_4,948,966,1007,0.0,0.0,0.0,24.78902953586498,24.63768115942029,27.30883813306852
055v_1,105,107,104,0.0,0.0,0.0,0.0,0.0,0.0
055v_2,158,160,161,0.0,0.0,0.0,0.0,0.0,0.0
055v_3,253,263,258,0.0,0.0,0.0,0.0,0.0,0.0
055v_4,409,419,397,0.0,0.0,0.0,0.0,0.0,0.0
056r_1,987,1005,913,0.0,0.0,0.0,0.0,0.0,0.0
056r_2,744,769,735,0.0,0.0,0.0,0.0,0.0,0.0
056v_1,4480,4626,4536,20.491071428571427,20.38478166882836,20.414462081128747,46.941964285714285,46.952010376134886,47.24426807760141
057v_1,1189,1213,1133,0.0,0.0,0.0,0.0,0.0,0.0
057v_2,2298,2357,2192,0.0,0.0,0.0,71.71453437771976,71.70131523122613,71.35036496350365
058v_1,136,143,145,0.0,0.0,0.0,0.0,0.0,0.0
058v_2,129,132,127,0.0,0.0,0.0,0.0,0.0,0.0
058v_3,130,135,124,0.0,0.0,0.0,0.0,0.0,0.0
058v_4,516,542,507,59.689922480620154,59.40959409594096,60.35502958579882,0.0,0.0,0.0
058v_5,2002,2052,1958,28.87112887112887,28.65497076023392,28.29417773237998,42.557442557442556,42.592592592592595,41.266598569969354
059r_1,443,449,455,16.02708803611738,16.035634743875278,16.703296703296704,0.0,0.0,0.0
059r_2,556,572,557,0.0,0.0,0.0,0.0,0.0,0.0
059v_1,198,204,189,0.0,0.0,0.0,0.0,0.0,0.0
059v_2,211,215,207,0.0,0.0,0.0,0.0,0.0,0.0
059v_3,319,327,296,0.0,0.0,0.0,0.0,0.0,0.0
059v_4,275,283,260,0.0,0.0,0.0,0.0,0.0,0.0
059v_5,88,92,83,0.0,0.0,0.0,0.0,0.0,0.0
059v_6,833,861,764,0.0,0.0,0.0,29.651860744297718,29.732868757259002,29.712041884816752
060r_1,571,583,541,0.0,0.0,0.0,0.0,0.0,0.0
060r_2,615,630,602,55.447154471544714,55.3968253968254,54.651162790697676,0.0,0.0,0.0
060r_3,842,877,789,0.0,0.0,0.0,0.0,0.0,0.0
060v_1,712,730,653,26.264044943820224,26.301369863013697,27.71822358346095,0.0,0.0,0.0
060v_2,137,141,121,0.0,0.0,0.0,0.0,0.0,0.0
060v_3,766,786,742,98.17232375979113,98.09160305343511,97.43935309973045,0.0,0.0,0.0
060v_4,667,684,651,0.0,0.0,0.0,89.50524737631184,89.47368421052632,90.16897081413211
060v_5,873,898,856,0.0,0.0,0.0,0.0,0.0,0.0
061r_1,583,599,569,21.269296740994854,21.202003338898162,19.332161687170476,0.0,0.0,0.0
061r_2,278,284,308,0.0,0.0,0.0,0.0,0.0,0.0
061r_3,190,196,178,0.0,0.0,0.0,0.0,0.0,0.0
061r_4,425,438,447,0.0,0.0,0.0,0.0,0.0,0.0
061v_1,172,176,165,0.0,0.0,0.0,0.0,0.0,0.0
061v_2,483,491,427,0.0,0.0,0.0,0.0,0.0,0.0
061v_3,1345,1397,1426,30.780669144981413,31.06657122405154,28.751753155680223,0.0,0.0,0.0
061v_4,193,196,173,0.0,0.0,0.0,0.0,0.0,0.0
062r_1,321,328,332,0.0,0.0,0.0,0.0,0.0,0.0
062r_2,77,81,53,0.0,0.0,0.0,0.0,0.0,0.0
062r_3,325,332,310,0.0,0.0,0.0,0.0,0.0,0.0
062r_4,1397,1431,1392,0.0,0.0,0.0,0.0,0.0,0.0
062v_1,243,252,229,0.0,0.0,0.0,0.0,0.0,0.0
062v_2,992,1019,1003,20.06048387096774,20.01962708537782,19.14257228315055,0.0,0.0,0.0
062v_3,292,300,279,0.0,0.0,0.0,0.0,0.0,0.0
063r_1,246,258,272,0.0,0.0,0.0,0.0,0.0,0.0
063r_2,177,184,166,0.0,0.0,0.0,0.0,0.0,0.0
063r_3,559,573,532,27.012522361359572,27.050610820244327,27.81954887218045,0.0,0.0,0.0
063r_4,124,127,117,0.0,0.0,0.0,0.0,0.0,0.0
063r_5,79,84,74,0.0,0.0,0.0,0.0,0.0,0.0
063r_6,477,497,505,0.0,0.0,0.0,0.0,0.0,0.0
063v_1,463,472,421,0.0,0.0,0.0,0.0,0.0,0.0
063v_2,75,77,77,0.0,0.0,0.0,0.0,0.0,0.0
063v_3,125,130,107,0.0,0.0,0.0,0.0,0.0,0.0
063v_4,104,106,86,0.0,0.0,0.0,0.0,0.0,0.0
063v_5,123,127,115,0.0,0.0,0.0,0.0,0.0,0.0
063v_6,89,93,87,0.0,0.0,0.0,0.0,0.0,0.0
063v_7,249,255,263,0.0,0.0,0.0,0.0,0.0,0.0
064r_1,582,601,542,0.0,0.0,0.0,0.0,0.0,0.0
064r_2,210,218,196,0.0,0.0,0.0,0.0,0.0,0.0
064r_3,423,433,401,0.0,0.0,0.0,0.0,0.0,0.0
064r_4,333,344,316,0.0,0.0,0.0,0.0,0.0,0.0
064r_5,254,261,203,0.0,0.0,0.0,0.0,0.0,0.0
064r_6,51,52,61,74.50980392156863,73.07692307692308,77.04918032786885,0.0,0.0,0.0
064r_7,163,169,149,93.86503067484662,93.49112426035504,92.61744966442953,0.0,0.0,0.0
064r_8,85,86,85,92.94117647058823,91.86046511627907,94.11764705882354,0.0,0.0,0.0
064v_1,653,669,655,0.0,0.0,0.0,0.0,0.0,0.0
064v_3,372,385,345,62.634408602150536,62.33766233766234,63.18840579710145,0.0,0.0,0.0
064v_4,225,229,224,0.0,0.0,0.0,0.0,0.0,0.0
064v_5,203,206,149,0.0,0.0,0.0,0.0,0.0,0.0
065r_1,951,982,931,16.08832807570978,16.191446028513237,13.64124597207304,0.0,0.0,0.0
065r_2,336,341,331,0.0,0.0,0.0,0.0,0.0,0.0
065r_3,396,406,351,0.0,0.0,0.0,0.0,0.0,0.0
065r_4,822,854,779,59.24574209245742,59.250585480093676,60.46213093709884,0.0,0.0,0.0
065v_1,635,657,618,0.0,0.0,0.0,0.0,0.0,0.0
065v_2,430,440,452,0.0,0.0,0.0,0.0,0.0,0.0
065v_3,270,279,256,0.0,0.0,0.0,0.0,0.0,0.0
065v_4,115,117,126,0.0,0.0,0.0,0.0,0.0,0.0
065v_5,64,65,53,0.0,0.0,0.0,0.0,0.0,0.0
065v_6,516,528,498,97.86821705426357,97.72727272727273,97.38955823293173,0.0,0.0,0.0
065v_7,444,455,440,64.86486486486487,64.61538461538461,67.72727272727273,0.0,0.0,0.0
066r_1,310,315,269,0.0,0.0,0.0,0.0,0.0,0.0
066r_2,62,66,59,0.0,0.0,0.0,0.0,0.0,0.0
066r_3,428,444,419,0.0,0.0,0.0,0.0,0.0,0.0
066r_4,594,620,585,0.0,0.0,0.0,0.0,0.0,0.0
066r_5,1181,1216,1139,32.514817950889075,32.8125,34.591747146619845,32.7688399661304,33.05921052631579,34.85513608428446
066r_6,1640,1715,1764,99.45121951219512,99.47521865889213,99.43310657596372,6.829268292682927,6.763848396501458,6.859410430839002
066v_1,729,750,713,0.0,0.0,0.0,0.0,0.0,0.0
066v_2,108,111,86,0.0,0.0,0.0,0.0,0.0,0.0
066v_3,109,111,89,0.0,0.0,0.0,0.0,0.0,0.0
066v_4,1066,1089,1091,0.0,0.0,0.0,55.72232645403377,55.73921028466483,53.07057745187901
067r_1,168,174,176,0.0,0.0,0.0,0.0,0.0,0.0
067r_2,64,66,75,0.0,0.0,0.0,0.0,0.0,0.0
067r_3,388,399,397,0.0,0.0,0.0,0.0,0.0,0.0
067r_4,438,454,422,0.0,0.0,0.0,0.0,0.0,0.0
067v_1,541,558,534,0.0,0.0,0.0,0.0,0.0,0.0
067v_2,491,501,461,12.830957230142566,12.974051896207586,11.496746203904555,0.0,0.0,0.0
067v_3,684,706,622,0.0,0.0,0.0,0.0,0.0,0.0
068r_1,348,356,320,0.0,0.0,0.0,0.0,0.0,0.0
068r_2,195,200,202,0.0,0.0,0.0,0.0,0.0,0.0
068r_3,3969,4081,3922,1.4109347442680775,1.3967164910561136,1.3258541560428352,64.95338876291257,64.88605733888753,65.34931157572667
069r_1,100,103,76,0.0,0.0,0.0,0.0,0.0,0.0
069r_2,6343,6529,6238,17.26312470439855,17.230816357788328,17.217056748958,70.53444742235536,70.63868892632868,70.77588970823982
071r_1,191,196,188,0.0,0.0,0.0,0.0,0.0,0.0
071r_2,220,230,255,0.0,0.0,0.0,0.0,0.0,0.0
071r_3,985,1014,925,23.65482233502538,23.37278106508876,24.54054054054054,0.0,0.0,0.0
071r_4,156,159,169,0.0,0.0,0.0,0.0,0.0,0.0
071r_5,164,167,137,0.0,0.0,0.0,0.0,0.0,0.0
071v_1,812,843,818,0.0,0.0,0.0,0.0,0.0,0.0
071v_2,152,155,136,0.0,0.0,0.0,0.0,0.0,0.0
071v_3,243,257,237,0.0,0.0,0.0,0.0,0.0,0.0
071v_4,391,406,367,0.0,0.0,0.0,0.0,0.0,0.0
072r_1,265,270,239,0.0,0.0,0.0,0.0,0.0,0.0
072r_2,1846,1898,1850,5.958829902491875,6.006322444678609,6.54054054054054,0.0,0.0,0.0
072v_1,3367,3488,3308,33.70953370953371,33.6295871559633,33.464328899637245,0.0,0.0,0.0
073r_1,275,280,263,0.0,0.0,0.0,0.0,0.0,0.0
073r_2,139,146,124,0.0,0.0,0.0,0.0,0.0,0.0
073r_3,411,424,378,0.0,0.0,0.0,0.0,0.0,0.0
073r_4,442,459,402,0.0,0.0,0.0,0.0,0.0,0.0
073r_5,479,491,434,0.0,0.0,0.0,68.26722338204593,68.43177189409369,67.05069124423963
073v_1,241,249,228,0.0,0.0,0.0,0.0,0.0,0.0
073v_2,245,254,233,0.0,0.0,0.0,0.0,0.0,0.0
073v_3,184,188,190,0.0,0.0,0.0,0.0,0.0,0.0
073v_4,334,338,306,0.0,0.0,0.0,0.0,0.0,0.0
074r_1,177,182,143,0.0,0.0,0.0,0.0,0.0,0.0
074r_2,352,362,345,0.0,0.0,0.0,0.0,0.0,0.0
074r_3,1139,1179,1170,0.0,0.0,0.0,25.285338015803337,25.36047497879559,23.504273504273506
074v_1,168,175,140,0.0,0.0,0.0,0.0,0.0,0.0
074v_2,559,579,514,0.0,0.0,0.0,0.0,0.0,0.0
074v_3,279,286,255,0.0,0.0,0.0,0.0,0.0,0.0
074v_4,102,105,86,0.0,0.0,0.0,0.0,0.0,0.0
075r_1,96,99,89,0.0,0.0,0.0,0.0,0.0,0.0
075r_2,265,274,224,0.0,0.0,0.0,0.0,0.0,0.0
075r_3,422,442,384,0.0,0.0,0.0,0.0,0.0,0.0
075r_4,193,195,177,0.0,0.0,0.0,0.0,0.0,0.0
075r_5,236,241,225,0.0,0.0,0.0,0.0,0.0,0.0
075v_1,325,334,299,0.0,0.0,0.0,0.0,0.0,0.0
075v_2,656,674,637,0.0,0.0,0.0,0.0,0.0,0.0
075v_3,236,243,230,0.0,0.0,0.0,0.0,0.0,0.0
075v_4,543,570,564,0.0,0.0,0.0,47.882136279926335,48.59649122807018,48.04964539007092
076r_1,354,363,365,0.0,0.0,0.0,0.0,0.0,0.0
076r_2,175,180,165,0.0,0.0,0.0,0.0,0.0,0.0
076r_3,197,202,201,0.0,0.0,0.0,0.0,0.0,0.0
076r_4,149,153,140,0.0,0.0,0.0,0.0,0.0,0.0
076r_5,161,162,156,0.0,0.0,0.0,0.0,0.0,0.0
076v_1,512,526,508,0.0,0.0,0.0,0.0,0.0,0.0
076v_2,228,235,199,0.0,0.0,0.0,0.0,0.0,0.0
076v_3,137,140,121,0.0,0.0,0.0,0.0,0.0,0.0
076v_4,412,421,389,0.0,0.0,0.0,0.0,0.0,0.0
077r_1,129,132,111,0.0,0.0,0.0,0.0,0.0,0.0
077r_2,347,357,340,0.0,0.0,0.0,0.0,0.0,0.0
077r_3,297,310,286,0.0,0.0,0.0,0.0,0.0,0.0
077r_4,986,1010,1005,0.0,0.0,0.0,67.24137931034483,67.12871287128714,66.56716417910448
077v_1,366,377,364,0.0,0.0,0.0,0.0,0.0,0.0
077v_2,306,317,293,0.0,0.0,0.0,0.0,0.0,0.0
077v_3,224,229,238,0.0,0.0,0.0,62.5,62.44541484716157,60.50420168067227
078r_1,477,490,478,0.0,0.0,0.0,0.0,0.0,0.0
078r_2,242,250,241,0.0,0.0,0.0,0.0,0.0,0.0
078r_3,276,283,257,0.0,0.0,0.0,0.0,0.0,0.0
078v_1,392,405,356,0.0,0.0,0.0,0.0,0.0,0.0
078v_2,293,301,262,0.0,0.0,0.0,0.0,0.0,0.0
078v_3,162,165,146,0.0,0.0,0.0,0.0,0.0,0.0
078v_4,558,577,512,0.0,0.0,0.0,57.70609318996416,57.19237435008665,57.8125
079r_1,167,175,131,0.0,0.0,0.0,0.0,0.0,0.0
079r_2,484,495,454,0.0,0.0,0.0,0.0,0.0,0.0
079r_3,608,628,594,0.0,0.0,0.0,48.848684210526315,48.72611464968153,51.01010101010101
079v_1,235,243,232,0.0,0.0,0.0,0.0,0.0,0.0
079v_2,181,185,207,0.0,0.0,0.0,0.0,0.0,0.0
079v_3,226,232,216,21.238938053097346,21.120689655172413,24.537037037037038,0.0,0.0,0.0
079v_4,464,472,426,0.0,0.0,0.0,0.0,0.0,0.0
080r_1,302,308,323,0.0,0.0,0.0,0.0,0.0,0.0
080r_2,83,87,78,0.0,0.0,0.0,0.0,0.0,0.0
080r_3,1003,1020,952,0.0,0.0,0.0,0.0,0.0,0.0
080v_1,2160,2219,2072,14.537037037037036,14.55610635421361,14.382239382239382,0.0,0.0,0.0
081r_1,781,808,762,22.66325224071703,22.77227722772277,21.916010498687665,0.0,0.0,0.0
081r_2,621,635,609,0.0,0.0,0.0,0.0,0.0,0.0
081r_3,468,482,461,0.0,0.0,0.0,0.0,0.0,0.0
081r_4,392,403,421,0.0,0.0,0.0,0.0,0.0,0.0
081v_1,197,203,178,0.0,0.0,0.0,0.0,0.0,0.0
081v_2,325,333,328,0.0,0.0,0.0,0.0,0.0,0.0
081v_3,330,339,288,0.0,0.0,0.0,0.0,0.0,0.0
081v_4,713,729,742,0.0,0.0,0.0,0.0,0.0,0.0
082r_1,93,95,88,0.0,0.0,0.0,0.0,0.0,0.0
082r_2,206,211,201,0.0,0.0,0.0,0.0,0.0,0.0
082r_3,83,86,75,0.0,0.0,0.0,0.0,0.0,0.0
082r_4,1103,1135,1115,0.0,0.0,0.0,0.0,0.0,0.0
082v_1,208,212,197,0.0,0.0,0.0,0.0,0.0,0.0
082v_2,343,353,320,45.18950437317784,45.609065155807365,43.4375,0.0,0.0,0.0
082v_3,60,63,69,0.0,0.0,0.0,0.0,0.0,0.0
082v_4,1656,1699,1670,23.91304347826087,23.955267804590935,24.311377245508982,0.0,0.0,0.0
083r_1,280,289,280,45.714285714285715,44.982698961937714,45.714285714285715,0.0,0.0,0.0
083r_2,529,545,558,22.495274102079396,22.93577981651376,22.580645161290324,0.0,0.0,0.0
083r_3,246,255,243,0.0,0.0,0.0,0.0,0.0,0.0
083r_4,231,235,205,0.0,0.0,0.0,0.0,0.0,0.0
083r_5,366,375,346,41.53005464480874,41.06666666666667,44.50867052023121,0.0,0.0,0.0
083r_6,652,669,661,0.0,0.0,0.0,0.0,0.0,0.0
083v_1,298,306,282,0.0,0.0,0.0,0.0,0.0,0.0
083v_2,1607,1658,1688,0.0,0.0,0.0,0.0,0.0,0.0
083v_3,538,553,571,98.14126394052045,98.19168173598554,98.24868651488616,0.0,0.0,0.0
084r_1,157,159,153,0.0,0.0,0.0,0.0,0.0,0.0
084r_3,272,275,238,0.0,0.0,0.0,0.0,0.0,0.0
084r_4,54,57,55,0.0,0.0,0.0,0.0,0.0,0.0
084r_5,1649,1699,1685,10.248635536688901,10.300176574455563,10.445103857566766,48.99939357186173,49.02884049440848,49.49554896142433
084v_1,807,831,770,14.869888475836431,14.921780986762936,17.272727272727273,0.0,0.0,0.0
084v_2,353,366,377,6.798866855524079,6.830601092896175,5.039787798408488,0.0,0.0,0.0
084v_3,97,102,91,0.0,0.0,0.0,0.0,0.0,0.0
084v_4,2667,2762,2557,19.872515935508062,19.876900796524257,20.649198279233477,86.57667791526059,86.56770456191165,87.44622604614783
085r_1,229,235,224,0.0,0.0,0.0,0.0,0.0,0.0
085r_2,110,115,108,0.0,0.0,0.0,0.0,0.0,0.0
085v_1,445,456,441,0.0,0.0,0.0,0.0,0.0,0.0
085v_2,512,523,496,0.0,0.0,0.0,0.0,0.0,0.0
085v_3,360,371,330,0.0,0.0,0.0,0.0,0.0,0.0
085v_4,4062,4210,4129,10.019694731659282,10.09501187648456,10.147735529183821,78.21270310192024,78.07600950118764,78.56623879874061
086v_1,2856,2941,2916,0.0,0.0,0.0,53.746498599439775,53.75722543352601,53.49794238683128
087r_1,349,356,375,0.0,0.0,0.0,0.0,0.0,0.0
087v_1,394,406,402,45.431472081218274,45.073891625615765,48.756218905472636,0.0,0.0,0.0
087v_2,186,190,152,0.0,0.0,0.0,0.0,0.0,0.0
087v_3,1993,2072,2076,18.113396889111893,18.05019305019305,18.497109826589597,0.0,0.0,0.0
088r_1,209,217,203,0.0,0.0,0.0,0.0,0.0,0.0
088r_2,239,245,219,0.0,0.0,0.0,0.0,0.0,0.0
088r_3,290,300,288,0.0,0.0,0.0,0.0,0.0,0.0
088r_4,151,153,151,0.0,0.0,0.0,0.0,0.0,0.0
088r_5,318,324,340,0.0,0.0,0.0,0.0,0.0,0.0
088r_6,50,51,50,0.0,0.0,0.0,0.0,0.0,0.0
088v_1,693,713,720,0.0,0.0,0.0,0.0,0.0,0.0
088v_2,1529,1571,1551,10.529758011772401,10.502864417568428,10.058027079303676,0.0,0.0,0.0
089r_1,990,1029,1010,0.0,0.0,0.0,0.0,0.0,0.0
089r_2,156,161,155,0.0,0.0,0.0,0.0,0.0,0.0
089r_3,109,111,102,0.0,0.0,0.0,0.0,0.0,0.0
089v_1,1751,1806,1798,17.532838378069673,17.497231450719823,15.96218020022247,0.0,0.0,0.0
089v_2,1052,1094,1107,0.0,0.0,0.0,0.0,0.0,0.0
090r_1,497,512,493,0.0,0.0,0.0,0.0,0.0,0.0
090r_2,137,138,124,0.0,0.0,0.0,0.0,0.0,0.0
090r_3,1910,1967,1929,0.0,0.0,0.0,35.49738219895288,35.841382816471786,37.53240020736133
090v_1,223,227,213,0.0,0.0,0.0,0.0,0.0,0.0
090v_2,985,1016,941,0.0,0.0,0.0,0.0,0.0,0.0
091r_1,1054,1087,1042,0.0,0.0,0.0,0.0,0.0,0.0
091r_2,3169,3267,3179,4.291574629220574,4.224058769513315,4.120792702107581,55.28557904701799,55.31068258340986,54.76564957533816
092r_1,254,262,229,0.0,0.0,0.0,0.0,0.0,0.0
092r_2,1201,1238,1187,0.0,0.0,0.0,0.0,0.0,0.0
092r_3,165,170,169,0.0,0.0,0.0,0.0,0.0,0.0
092r_4,111,112,102,0.0,0.0,0.0,0.0,0.0,0.0
092v_1,171,175,162,0.0,0.0,0.0,0.0,0.0,0.0
092v_2,947,980,924,0.0,0.0,0.0,0.0,0.0,0.0
092v_3,242,255,255,0.0,0.0,0.0,0.0,0.0,0.0
093r_1,143,146,152,0.0,0.0,0.0,0.0,0.0,0.0
093r_2,213,218,209,0.0,0.0,0.0,0.0,0.0,0.0
093r_3,699,718,680,0.0,0.0,0.0,0.0,0.0,0.0
093r_4,126,128,141,0.0,0.0,0.0,0.0,0.0,0.0
093r_5,257,261,257,0.0,0.0,0.0,0.0,0.0,0.0
093v_1,1007,1037,1009,0.0,0.0,0.0,0.0,0.0,0.0
093v_2,717,742,687,0.0,0.0,0.0,0.0,0.0,0.0
093v_3,299,309,285,0.0,0.0,0.0,0.0,0.0,0.0
094r_1,11133,11490,11290,0.2694691457828079,0.8268059181897301,0.8148804251550045,76.55618431689571,76.50130548302872,76.15589016829053
096v_1,1071,1104,1127,0.0,0.0,0.0,0.0,0.0,0.0
096v_2,838,868,836,0.0,0.0,0.0,0.0,0.0,0.0
096v_3,321,331,338,0.0,0.0,0.0,0.0,0.0,0.0
097r_1,104,107,108,0.0,0.0,0.0,0.0,0.0,0.0
097r_2,1315,1359,1320,0.0,0.0,0.0,0.0,0.0,0.0
097r_3,667,684,646,0.0,0.0,0.0,0.0,0.0,0.0
097v_1,2686,2774,2563,30.230826507818318,30.245133381398702,31.408505657432695,0.0,0.0,0.0
097v_2,189,196,195,0.0,0.0,0.0,0.0,0.0,0.0
098r_1,307,315,287,0.0,0.0,0.0,0.0,0.0,0.0
098r_2,431,442,456,0.0,0.0,0.0,0.0,0.0,0.0
098r_3,1418,1465,1341,0.0,0.0,0.0,0.0,0.0,0.0
098v_1,125,127,116,0.0,0.0,0.0,0.0,0.0,0.0
098v_2,403,416,398,0.0,0.0,0.0,0.0,0.0,0.0
098v_3,70,71,61,0.0,0.0,0.0,0.0,0.0,0.0
098v_4,356,367,361,0.0,0.0,0.0,0.0,0.0,0.0
098v_5,2427,2493,2483,24.515863205603626,24.348174889691133,24.446234393878374,77.83271528636176,77.89811472121941,77.36608940797423
099r_3,227,231,223,0.0,0.0,0.0,0.0,0.0,0.0
099v_1,110,112,103,0.0,0.0,0.0,0.0,0.0,0.0
099v_2,839,863,868,30.98927294398093,31.170336037079952,32.71889400921659,0.0,0.0,0.0
099v_3,66,66,61,0.0,0.0,0.0,0.0,0.0,0.0
099v_4,289,296,263,0.0,0.0,0.0,0.0,0.0,0.0
099v_5,120,124,116,0.0,0.0,0.0,0.0,0.0,0.0
099v_6,284,289,241,0.0,0.0,0.0,0.0,0.0,0.0
100r_1,519,537,500,0.0,0.0,0.0,0.0,0.0,0.0
100r_2,127,130,139,0.0,0.0,0.0,0.0,0.0,0.0
100r_3,274,279,287,16.05839416058394,16.129032258064516,16.72473867595819,0.0,0.0,0.0
100r_4,364,374,385,0.0,0.0,0.0,0.0,0.0,0.0
100r_5,492,503,484,17.682926829268293,17.495029821073558,16.322314049586776,0.0,0.0,0.0
100v_1,1519,1561,1487,24.16063199473338,24.087123638693146,24.277067921990586,0.0,0.0,0.0
100v_2,1495,1547,1515,22.40802675585284,22.301228183581124,22.97029702970297,62.94314381270903,63.02521008403362,63.63036303630363
101r_1,852,878,808,12.793427230046948,12.984054669703873,15.594059405940595,0.0,0.0,0.0
101r_2,780,800,765,5.0,5.0,4.836601307189542,25.897435897435898,26.125,29.80392156862745
101v_1,251,262,262,31.872509960159363,30.916030534351144,30.916030534351144,0.0,0.0,0.0
101v_2,566,586,575,0.0,0.0,0.0,0.0,0.0,0.0
101v_3,152,157,145,0.0,0.0,0.0,0.0,0.0,0.0
101v_4,181,184,172,0.0,0.0,0.0,0.0,0.0,0.0
102r_1,259,260,255,0.0,0.0,0.0,0.0,0.0,0.0
102r_2,287,289,272,0.0,0.0,0.0,0.0,0.0,0.0
102r_3,88,89,81,0.0,0.0,0.0,0.0,0.0,0.0
102r_4,325,336,303,0.0,0.0,0.0,0.0,0.0,0.0
102v_1,578,595,587,0.0,0.0,0.0,0.0,0.0,0.0
102v_2,680,694,706,0.0,0.0,0.0,0.0,0.0,0.0
102v_3,457,476,461,0.0,0.0,0.0,0.0,0.0,0.0
103r_1,1425,1471,1432,0.0,0.0,0.0,0.0,0.0,0.0
103r_2,309,320,280,0.0,0.0,0.0,0.0,0.0,0.0
103v_1,257,263,268,0.0,0.0,0.0,0.0,0.0,0.0
103v_2,269,279,261,0.0,0.0,0.0,0.0,0.0,0.0
103v_3,253,257,242,0.0,0.0,0.0,0.0,0.0,0.0
103v_4,180,187,183,0.0,0.0,0.0,0.0,0.0,0.0
103v_5,228,232,212,0.0,0.0,0.0,0.0,0.0,0.0
104r_1,229,238,238,0.0,0.0,0.0,0.0,0.0,0.0
104r_2,481,494,487,0.0,0.0,0.0,0.0,0.0,0.0
104r_3,154,161,161,0.0,0.0,0.0,0.0,0.0,0.0
104r_4,284,294,294,0.0,0.0,0.0,0.0,0.0,0.0
104r_5,311,318,312,0.0,0.0,0.0,0.0,0.0,0.0
104v_1,265,272,261,0.0,0.0,0.0,0.0,0.0,0.0
104v_2,666,683,662,0.0,0.0,0.0,0.0,0.0,0.0
104v_3,151,158,143,0.0,0.0,0.0,0.0,0.0,0.0
104v_4,336,347,340,0.0,0.0,0.0,0.0,0.0,0.0
105r_1,244,249,241,0.0,0.0,0.0,0.0,0.0,0.0
105r_2,107,109,98,0.0,0.0,0.0,0.0,0.0,0.0
105r_3,186,192,163,0.0,0.0,0.0,0.0,0.0,0.0
105r_4,2300,2389,2357,0.0,0.0,0.0,42.21739130434783,42.193386354123064,43.82689859991515
105v_1,179,184,175,0.0,0.0,0.0,0.0,0.0,0.0
105v_2,196,200,200,0.0,0.0,0.0,0.0,0.0,0.0
105v_3,902,927,935,16.186252771618626,16.2891046386192,16.577540106951872,0.0,0.0,0.0
105v_4,501,521,517,97.60479041916167,97.88867562380038,97.48549323017409,0.0,0.0,0.0
105v_5,387,402,392,97.1576227390181,97.2636815920398,96.68367346938776,0.0,0.0,0.0
106r_1,261,269,276,0.0,0.0,0.0,0.0,0.0,0.0
106r_2,1954,2028,1885,6.141248720573183,6.21301775147929,6.047745358090186,0.0,0.0,0.0
106v_1,566,588,567,0.0,0.0,0.0,0.0,0.0,0.0
106v_2,3206,3307,3132,62.38303181534623,62.32234653764741,63.122605363984675,22.208359326263256,22.19534321136982,21.966794380587483
106v_3,490,499,462,17.551020408163264,17.635270541082164,15.367965367965368,0.0,0.0,0.0
107r_1,5925,6090,5882,15.51054852320675,15.500821018062398,14.807888473308399,65.70464135021098,65.61576354679804,65.53893233594016
108r_2,3385,3490,3385,20.64992614475628,20.544412607449857,19.940915805022158,84.10635155096011,84.04011461318052,85.02215657311669
109r_1,293,301,287,0.0,0.0,0.0,0.0,0.0,0.0
109r_2,465,478,459,0.6451612903225806,0.41841004184100417,0.4357298474945534,0.0,0.0,0.0
109r_3,427,445,445,38.64168618266979,39.10112359550562,40.89887640449438,0.0,0.0,0.0
109r_4,254,259,270,0.0,0.0,0.0,0.0,0.0,0.0
109r_5,1384,1423,1358,0.0,0.0,0.0,65.96820809248555,66.12789880534083,67.52577319587628
109v_1,808,834,758,49.62871287128713,49.76019184652278,50.3957783641161,0.0,0.0,0.0
109v_2,699,724,630,30.042918454935624,30.248618784530386,30.0,0.0,0.0,0.0
110r_1,170,173,158,0.0,0.0,0.0,0.0,0.0,0.0
110r_2,414,422,423,0.0,0.0,0.0,0.0,0.0,0.0
110r_3,1753,1822,1799,13.234455219623502,13.446761800219539,12.673707615341856,12.435824301197947,12.294182217343579,12.006670372429127
110v_1,461,482,459,0.0,0.0,0.0,0.0,0.0,0.0
110v_2,668,687,663,46.706586826347305,46.87045123726347,43.58974358974359,0.0,0.0,0.0
110v_3,873,916,885,15.005727376861397,14.956331877729257,15.706214689265536,0.0,0.0,0.0
111r_1,404,411,360,0.0,0.0,0.0,0.0,0.0,0.0
111r_2,182,188,188,0.0,0.0,0.0,0.0,0.0,0.0
111r_3,107,111,100,0.0,0.0,0.0,0.0,0.0,0.0
111r_4,478,499,493,17.364016736401673,17.23446893787575,19.472616632860042,0.0,0.0,0.0
111r_5,657,673,634,0.45662100456621,0.4457652303120357,0.47318611987381703,0.0,0.0,0.0
111v_1,182,189,184,0.0,0.0,0.0,0.0,0.0,0.0
111v_2,151,156,148,0.0,0.0,0.0,0.0,0.0,0.0
111v_3,133,136,123,0.0,0.0,0.0,0.0,0.0,0.0
111v_4,780,803,810,35.256410256410255,35.36737235367372,34.93827160493827,0.0,0.0,0.0
111v_5,889,920,878,30.708661417322833,30.434782608695652,30.29612756264237,0.0,0.0,0.0
112r_1,428,440,409,31.074766355140188,31.136363636363637,38.63080684596577,0.0,0.0,0.0
112r_2,34,35,39,0.0,0.0,0.0,0.0,0.0,0.0
112r_3,521,545,528,11.708253358925145,11.376146788990825,12.5,0.0,0.0,0.0
112r_4,1931,1994,1780,26.100466079751424,26.278836509528585,26.910112359550563,39.513205592957014,39.769307923771315,41.68539325842696
112v_1,5724,5877,5832,31.656184486373167,31.665815892462142,31.910150891632373,50.559049615653386,50.5700187170325,51.71467764060357
113r_1,3494,3603,3396,30.56668574699485,30.863169580904803,29.858657243816253,78.10532341156268,78.18484596169858,77.79740871613663
113v_1,13,13,13,0.0,0.0,0.0,0.0,0.0,0.0
114r_1,7369,7576,7337,38.60768082507803,38.64836325237592,38.53073463268366,55.665626272221466,55.76821541710665,56.14011176230067
115r_1,1131,1169,1093,0.0,0.0,0.0,0.0,0.0,0.0
115r_2,689,711,705,0.0,0.0,0.0,0.0,0.0,0.0
115r_3,483,501,493,0.0,0.0,0.0,0.0,0.0,0.0
115v_1,1031,1066,1070,26.867119301648884,26.641651031894934,27.009345794392523,0.0,0.0,0.0
115v_2,310,321,330,0.0,0.0,0.0,0.0,0.0,0.0
115v_3,2408,2470,2369,47.54983388704319,47.449392712550605,47.69945124525116,15.614617940199336,15.54655870445344,14.647530603630223
116r_1,532,549,517,0.0,0.0,0.0,0.0,0.0,0.0
116r_2,1258,1300,1222,23.84737678855326,23.846153846153847,25.69558101472995,0.0,0.0,0.0
116r_3,335,340,337,0.0,0.0,0.0,0.0,0.0,0.0
116r_4,516,537,505,0.0,0.0,0.0,0.0,0.0,0.0
116v_1,704,721,692,17.47159090909091,17.337031900138697,19.07514450867052,0.0,0.0,0.0
116v_2,1537,1583,1472,36.49967469095641,36.26026531901453,34.85054347826087,0.0,0.0,0.0
116v_3,673,695,673,0.0,0.0,0.0,0.0,0.0,0.0
117r_1,2792,2869,2779,9.670487106017193,9.620076681770652,8.924073407700611,0.0,0.0,0.0
117v_1,1323,1357,1290,39.909297052154194,39.64627855563744,40.93023255813954,0.0,0.0,0.0
117v_2,220,229,240,0.0,0.0,0.0,0.0,0.0,0.0
117v_3,174,179,163,0.0,0.0,0.0,0.0,0.0,0.0
117v_4,585,602,577,6.837606837606837,6.810631229235881,6.759098786828423,0.0,0.0,0.0
117v_5,273,281,276,0.0,0.0,0.0,0.0,0.0,0.0
118r_1,276,281,255,0.0,0.0,0.0,0.0,0.0,0.0
118r_2,422,432,436,0.0,0.0,0.0,0.0,0.0,0.0
118r_3,1028,1066,1035,16.634241245136188,16.322701688555348,16.135265700483092,0.0,0.0,0.0
118r_4,159,166,163,0.0,0.0,0.0,0.0,0.0,0.0
118r_5,87,88,89,0.0,0.0,0.0,0.0,0.0,0.0
118v_1,4642,4813,4641,24.924601464885825,24.97402867234573,24.80068950657186,27.617406290392072,27.571161437772698,28.162034044386985
119r_1,1224,1258,1174,0.0,0.0,0.0,0.0,0.0,0.0
119v_1,1943,2008,2010,18.116314976839938,18.077689243027887,16.965174129353233,0.0,0.0,0.0
119v_2,643,658,665,0.0,0.0,0.0,0.0,0.0,0.0
120r_1,415,428,413,0.0,0.0,0.0,0.0,0.0,0.0
120r_2,1318,1365,1292,59.104704097116844,59.34065934065934,57.89473684210526,0.0,0.0,0.0
120r_3,1485,1527,1438,0.0,0.0,0.0,9.8989898989899,9.954158480681073,9.527121001390821
,892,910,897,6.053811659192825,6.043956043956044,5.68561872909699,0.0,0.0,0.0
120v_1,241,248,225,51.86721991701245,52.016129032258064,53.333333333333336,0.0,0.0,0.0
120v_2,119,123,103,0.0,0.0,0.0,0.0,0.0,0.0
120v_3,662,697,644,7.552870090634441,7.604017216642755,7.142857142857143,0.0,0.0,0.0
120v_6,3622,3717,3565,38.04527885146328,37.933817594834544,38.232819074333804,54.1413583655439,54.15657788539144,53.38008415147265
121r_1,712,734,685,18.39887640449438,18.392370572207085,18.394160583941606,0.0,0.0,0.0
121v_1,1324,1362,1353,25.981873111782477,26.211453744493394,27.12490761271249,0.0,0.0,0.0
121v_2,1472,1514,1414,31.589673913043477,31.373844121532365,32.814710042432814,0.0,0.0,0.0
122r_1,1178,1199,1214,0.0,0.0,0.0,0.0,0.0,0.0
122r_2,848,866,812,0.0,0.0,0.0,0.0,0.0,0.0
122v_1,437,453,428,0.0,0.0,0.0,0.0,0.0,0.0
122v_2,509,518,474,24.95088408644401,24.903474903474905,25.10548523206751,0.0,0.0,0.0
122v_3,849,874,840,0.0,0.0,0.0,0.0,0.0,0.0
123r_1,4769,4905,4718,25.5609142377857,25.4638124362895,24.86222975837219,56.19626756133361,55.92252803261977,56.485799067401445
124r_1,933,953,924,0.0,0.0,0.0,0.0,0.0,0.0
124r_2,252,261,250,0.0,0.0,0.0,0.0,0.0,0.0
124r_3,327,335,332,0.0,0.0,0.0,0.0,0.0,0.0
124r_4,276,287,302,0.0,0.0,0.0,0.0,0.0,0.0
124v_1,577,600,622,0.0,0.0,0.0,0.0,0.0,0.0
124v_2,851,883,818,37.72032902467685,38.16534541336353,36.308068459657704,0.0,0.0,0.0
124v_3,2051,2102,2140,30.66796684544125,30.87535680304472,43.36448598130841,44.076060458313016,43.9581351094196,43.691588785046726
125r_1,1407,1451,1391,53.94456289978678,54.3762922122674,53.558590941768514,0.0,0.0,0.0
125r_2,522,542,517,1.7241379310344827,1.6605166051660516,1.3539651837524178,0.0,0.0,0.0
125r_3,145,149,153,0.0,0.0,0.0,0.0,0.0,0.0
125v_1,848,870,816,17.33490566037736,17.126436781609197,16.91176470588235,0.0,0.0,0.0
125v_2,281,286,274,0.0,0.0,0.0,0.0,0.0,0.0
125v_3,1164,1206,1181,15.292096219931272,15.17412935323383,14.394580863674852,0.0,0.0,0.0
126r_1,2478,2538,2487,28.369652945924134,28.368794326241133,28.186570164857258,0.0,0.0,0.0
126v_1,789,812,779,20.025348542458808,20.320197044334975,22.464698331193837,0.0,0.0,0.0
126v_2,720,740,687,23.055555555555557,23.10810810810811,23.28966521106259,0.0,0.0,0.0
126v_3,2083,2152,2002,13.73019683149304,13.940520446096654,14.535464535464536,66.82669227076332,66.96096654275092,66.48351648351648
127r_1,597,617,606,0.0,0.0,0.0,0.0,0.0,0.0
127v_1,3199,3287,3205,35.010940919037196,34.925463948889565,35.07020280811233,0.0,0.0,0.0
128r_1,4771,4900,4847,28.65227415636135,28.6734693877551,28.883845677738808,39.00649758960385,38.91836734693877,38.89003507324118
128v_1,1731,1796,1759,30.73367995378394,30.734966592427618,31.210915292779987,0.0,0.0,0.0
129r_1,379,388,368,0.0,0.0,0.0,0.0,0.0,0.0
129r_2,227,234,235,0.0,0.0,0.0,0.0,0.0,0.0
129r_3,689,716,665,11.320754716981131,11.1731843575419,11.578947368421053,0.0,0.0,0.0
129r_4,436,446,422,0.0,0.0,0.0,0.0,0.0,0.0
129v_1,821,845,840,60.657734470158346,60.828402366863905,60.0,0.0,0.0,0.0
129v_2,155,161,133,0.0,0.0,0.0,0.0,0.0,0.0
129v_3,485,498,473,21.855670103092784,22.08835341365462,22.41014799154334,0.0,0.0,0.0
129v_4,2043,2097,2007,42.97601566324033,43.0138292799237,44.095665171898354,0.0,0.0,0.0
130r_1,1122,1148,1086,6.684491978609626,6.7073170731707314,6.906077348066298,0.0,0.0,0.0
130r_2,208,212,205,0.0,0.0,0.0,0.0,0.0,0.0
130r_3,507,526,458,50.29585798816568,50.57034220532319,51.7467248908297,0.0,0.0,0.0
130r_4,357,368,347,0.0,0.0,0.0,0.0,0.0,0.0
130v_1,1480,1537,1432,9.662162162162161,9.824333116460638,9.427374301675977,0.0,0.0,0.0
130v_2,114,116,96,0.0,0.0,0.0,0.0,0.0,0.0
130v_3,450,461,488,0.0,0.0,0.0,0.0,0.0,0.0
131r_1,177,181,190,3.389830508474576,3.314917127071823,3.1578947368421053,0.0,0.0,0.0
131r_2,263,271,254,0.0,0.0,0.0,0.0,0.0,0.0
131r_3,369,381,363,0.0,0.0,0.0,0.0,0.0,0.0
131r_4,266,276,281,0.0,0.0,0.0,0.0,0.0,0.0
131r_5,1293,1323,1284,19.644238205723124,19.80347694633409,18.769470404984425,50.73472544470224,50.71806500377929,49.84423676012461
131v_1,1878,1970,1908,28.700745473908412,28.883248730964468,28.459119496855347,11.661341853035143,11.573604060913706,11.530398322851154
132r_1,680,697,685,25.735294117647058,25.39454806312769,27.59124087591241,0.0,0.0,0.0
132r_2,1725,1775,1763,24.579710144927535,24.507042253521128,25.01418037436188,8.985507246376812,9.126760563380282,9.132161089052751
132v_1,100,102,117,0.0,0.0,0.0,0.0,0.0,0.0
132v_2,1660,1717,1672,34.397590361445786,34.07105416423995,34.270334928229666,0.0,0.0,0.0
132v_3,122,127,129,0.0,0.0,0.0,0.0,0.0,0.0
133r_1,363,373,319,0.0,0.0,0.0,0.0,0.0,0.0
133r_2,573,590,593,18.32460732984293,18.8135593220339,18.887015177065766,0.0,0.0,0.0
133r_3,751,763,720,0.0,0.0,0.0,0.0,0.0,0.0
133r_4,501,517,535,0.5988023952095808,0.5802707930367504,0.5607476635514018,0.0,0.0,0.0
133v_1,465,477,492,11.182795698924732,11.320754716981131,11.788617886178862,0.0,0.0,0.0
133v_2,977,998,970,0.0,59.4188376753507,61.134020618556704,0.0,0.0,0.0
133v_3,2306,2373,2268,0.0,0.0,0.0,51.517779705117086,51.53813737884534,53.35097001763668
134r_1,697,724,717,0.0,0.0,0.0,0.0,0.0,0.0
134r_2,360,368,338,12.5,12.5,9.763313609467456,0.0,0.0,0.0
134v_1,660,679,646,18.03030303030303,18.262150220913107,17.027863777089784,0.0,0.0,0.0
134v_2,234,239,227,29.914529914529915,30.1255230125523,28.634361233480178,0.0,0.0,0.0
134v_3,706,722,697,0.0,0.0,0.0,0.0,0.0,0.0
135r_1,385,401,413,3.116883116883117,3.2418952618453867,3.389830508474576,0.0,0.0,0.0
135r_2,1080,1107,1123,26.574074074074073,26.738934056007228,25.022261798753338,0.0,0.0,0.0
135r_3,1108,1128,1006,14.07942238267148,14.361702127659575,15.705765407554672,0.0,0.0,0.0
135v_1,3335,3429,3397,9.89505247376312,9.798775153105861,10.156020017662643,37.5712143928036,37.62029746281715,37.2093023255814
136r_1,123,125,120,0.0,0.0,0.0,0.0,0.0,0.0
136v_1,2682,2768,2634,27.255779269202087,27.13150289017341,27.258921791951405,0.0,0.0,0.0
137r_1,1259,1303,1255,23.11358220810167,23.254029163468918,22.948207171314742,0.0,0.0,0.0
137r_2,794,814,788,46.59949622166247,46.68304668304668,47.20812182741117,0.0,0.0,0.0
137r_3,259,264,245,0.0,0.0,0.0,0.0,0.0,0.0
137v_1,4885,5052,4777,25.834186284544526,25.831353919239906,25.894913125392506,50.66530194472876,50.712589073634206,49.319656688298096
138v_1,406,423,385,0.0,0.0,0.0,0.0,0.0,0.0
138v_2,652,673,634,0.0,0.0,0.0,0.0,0.0,0.0
138v_3,517,533,528,0.0,0.0,0.0,0.0,0.0,0.0
139r_1,2903,3000,2813,24.97416465725112,25.2,24.81336651261998,6.338270754392008,6.3,6.825453252755066
139v_1,5246,5389,5335,18.966831871902404,18.853219521246984,18.069353327085285,55.83301563095692,55.79884950825756,56.41986879100281
140v_1,299,308,279,34.11371237458194,35.064935064935064,35.483870967741936,0.0,0.0,0.0
140v_2,609,626,599,0.0,0.0,0.0,0.0,0.0,0.0
140v_3,1548,1605,1490,52.97157622739018,53.271028037383175,52.348993288590606,0.0,0.0,0.0
141r_1,8633,8895,8512,32.02826363952276,31.88308038223721,32.307330827067666,65.40020850225878,65.26138279932546,64.87312030075188
142v_1,1293,1334,1273,36.890951276102086,36.8815592203898,36.763550667714064,0.0,0.0,0.0
142v_2,561,576,550,62.032085561497325,61.979166666666664,57.45454545454545,0.0,0.0,0.0
142v_3,538,550,508,0.0,0.0,0.0,0.0,0.0,0.0
143r_1,1486,1533,1433,32.57065948855989,32.615786040443574,33.70551290997906,0.0,0.0,0.0
143r_2,393,407,366,0.0,0.0,0.0,0.0,0.0,0.0
143r_3,1297,1342,1288,6.168080185042405,6.184798807749627,5.279503105590062,51.657671549730146,51.564828614008945,54.58074534161491
143v_1,408,419,403,0.0,0.0,0.0,0.0,0.0,0.0
143v_2,265,272,277,0.0,0.0,0.0,0.0,0.0,0.0
143v_3,161,165,161,0.0,0.0,0.0,0.0,0.0,0.0
144r_1,5047,5203,4840,8.955815335843075,8.99481068614261,8.698347107438016,54.903903308896375,55.04516625024024,55.47520661157025
145r_1,345,354,337,2.608695652173913,2.542372881355932,2.6706231454005933,0.0,0.0,0.0
145r_2,2725,2820,2779,0.0,0.0,0.0,35.19266055045872,35.177304964539005,35.3364519611371
145v_1,3523,3616,3487,28.328129435140504,28.29092920353982,28.620590765701177,78.59778597785977,78.53982300884955,79.12245483223401
145v_2,762,787,742,83.59580052493439,83.48157560355781,83.69272237196766,0.0,0.0,0.0
146v_1,4184,4298,4164,4.3499043977055445,4.32759422987436,3.8904899135446684,50.119502868068835,50.069799906933454,49.73583093179635
147v_1,524,536,527,0.0,0.0,0.0,0.0,0.0,0.0
147v_2,146,150,147,0.0,0.0,0.0,0.0,0.0,0.0
147v_3,159,163,187,0.0,0.0,0.0,0.0,0.0,0.0
147v_4,1185,1238,1211,26.41350210970464,26.252019386106625,26.341866226259288,16.033755274261605,15.831987075928918,17.341040462427745
148r_1,173,179,189,0.0,0.0,0.0,0.0,0.0,0.0
148r_2,511,524,506,0.0,0.0,0.0,0.0,0.0,0.0
148r_3,285,292,310,5.2631578947368425,5.47945205479452,4.838709677419355,0.0,0.0,0.0
148r_4,377,387,384,0.0,0.0,0.0,0.0,0.0,0.0
148v_1,1973,2031,1966,2.7369488089204257,2.658788774002954,2.4923702950152595,0.0,0.0,0.0
149r_1,429,442,415,0.0,0.0,0.0,0.0,0.0,0.0
149r_2,406,424,430,0.0,0.0,0.0,0.0,0.0,0.0
149r_3,367,381,359,0.0,0.0,0.0,0.0,0.0,0.0
149r_4,208,214,192,0.0,0.0,0.0,0.0,0.0,0.0
149v_1,288,300,278,0.0,0.0,0.0,0.0,0.0,0.0
149v_2,93,97,97,0.0,0.0,0.0,0.0,0.0,0.0
149v_3,789,813,733,32.31939163498099,32.349323493234934,31.923601637107776,0.0,0.0,0.0
149v_4,458,469,450,0.0,0.0,0.0,0.0,0.0,0.0
150r_1,91,93,75,0.0,0.0,0.0,0.0,0.0,0.0
150r_2,299,311,289,0.0,0.0,0.0,0.0,0.0,0.0
150r_3,1175,1219,1206,22.29787234042553,22.313371616078754,19.23714759535655,0.0,0.0,0.0
150v_1,7539,7771,7478,31.38347260909935,31.39879037446918,30.93073014174913,58.62846531370208,58.47381289409343,58.50494784701792
151v_1,928,954,935,38.4698275862069,38.36477987421384,34.75935828877005,0.0,0.0,0.0
152r_1,2911,3022,2823,27.481964960494675,27.72998014559894,27.665603967410558,0.0,0.0,0.0
152v_1,1846,1901,1897,7.746478873239437,7.732772225144661,7.696362677912494,0.0,0.0,0.0
153r_1,1759,1812,1851,22.05798749289369,21.96467991169978,21.231766612641817,0.0,0.0,0.0
153r_2,1559,1601,1611,18.98652982681206,19.11305434103685,18.6219739292365,86.46568313021167,86.57089319175515,87.27498448168839
153v_1,281,290,287,0.0,0.0,0.0,0.0,0.0,0.0
153v_2,135,139,135,0.0,0.0,0.0,0.0,0.0,0.0
154r_1,186,196,219,0.0,0.0,0.0,0.0,0.0,0.0
154r_2,316,325,325,58.22784810126582,58.46153846153846,61.84615384615385,0.0,0.0,0.0
154r_3,787,807,785,56.289707750952985,56.13382899628253,57.197452229299365,0.0,0.0,0.0
154r_4,336,346,329,0.0,0.0,0.0,0.0,0.0,0.0
154r_5,313,324,300,0.0,0.0,0.0,0.0,0.0,0.0
154v_1,356,368,334,0.0,0.0,0.0,0.0,0.0,0.0
154v_2,196,203,217,0.0,0.0,0.0,0.0,0.0,0.0
154v_3,274,290,293,24.087591240875913,23.448275862068964,20.477815699658702,0.0,0.0,0.0
154v_4,445,455,418,5.393258426966292,5.274725274725275,5.980861244019139,0.0,0.0,0.0
154v_5,342,348,325,0.0,0.0,0.0,0.0,0.0,0.0
155r_1,2685,2749,2685,31.28491620111732,31.50236449618043,31.5828677839851,0.0,0.0,0.0
155v_1,2007,2060,1928,0.0,0.0,0.0,0.0,0.0,0.0
156r_1,655,673,690,0.0,0.0,0.0,0.0,0.0,0.0
156r_2,980,1020,1023,6.938775510204081,7.0588235294117645,9.090909090909092,0.0,0.0,0.0
156r_3,420,433,433,0.0,0.0,0.0,0.0,0.0,0.0
156v_1,3819,3936,3655,41.89578423671118,41.86991869918699,42.95485636114911,0.0,0.0,0.0
157r_1,484,495,482,0.0,0.0,0.0,0.0,0.0,0.0
157r_2,342,352,314,0.0,0.0,0.0,0.0,0.0,0.0
157r_3,235,240,216,0.0,0.0,0.0,0.0,0.0,0.0
157r_4,529,544,540,28.35538752362949,28.49264705882353,27.59259259259259,0.0,0.0,0.0
157r_5,648,664,598,98.30246913580247,0.0,0.0,0.0,0.0,0.0
157v_1,261,267,243,0.0,0.0,0.0,0.0,0.0,0.0
157v_2,1381,1431,1382,14.120202751629254,14.255765199161425,15.991316931982634,0.0,0.0,0.0
157v_3,197,201,221,0.0,0.0,0.0,0.0,0.0,0.0
158r_1,1263,1305,1290,6.254948535233571,6.283524904214559,6.511627906976744,0.0,0.0,0.0
158v_1,743,769,720,0.0,0.0,0.0,0.0,0.0,0.0
158v_2,112,116,118,0.0,0.0,0.0,0.0,0.0,0.0
158v_3,404,422,359,0.0,0.0,0.0,0.0,0.0,0.0
158v_4,414,430,400,31.159420289855074,30.930232558139537,28.5,0.0,0.0,0.0
159r_1,722,742,701,0.0,0.0,0.0,0.0,0.0,0.0
159r_2,148,152,163,0.0,0.0,0.0,0.0,0.0,0.0
159r_3,603,624,603,0.0,0.0,0.0,0.0,0.0,0.0
159r_4,239,248,241,0.0,0.0,0.0,0.0,0.0,0.0
159v_1,245,253,247,0.0,0.0,0.0,0.0,0.0,0.0
159v_2,385,395,360,0.0,0.0,0.0,0.0,0.0,0.0
159v_3,523,541,527,11.854684512428298,11.829944547134936,11.574952561669829,0.0,0.0,0.0
159v_4,1154,1190,1093,22.270363951473136,22.352941176470587,23.14730100640439,0.0,0.0,0.0
160r_1,881,899,863,13.280363223609534,13.236929922135706,14.600231749710312,0.0,0.0,0.0
160r_2,371,385,396,0.0,0.0,0.0,0.0,0.0,0.0
160v_1,240,247,246,0.0,0.0,0.0,0.0,0.0,0.0
160v_2,276,287,263,0.0,0.0,0.0,0.0,0.0,0.0
160v_3,367,378,362,0.0,0.0,0.0,0.0,0.0,0.0
160v_4,385,393,366,0.0,0.0,0.0,0.0,0.0,0.0
160v_5,471,488,465,46.92144373673036,47.131147540983605,47.096774193548384,0.0,0.0,0.0
161r_1,2286,2347,2218,12.598425196850394,12.569237324243716,12.66907123534716,0.0,0.0,0.0
161v_1,900,926,871,0.0,0.0,0.0,0.0,0.0,0.0
162r_1,445,465,455,5.617977528089888,5.591397849462366,4.175824175824176,0.0,0.0,0.0
162r_2,180,187,187,0.0,0.0,0.0,0.0,0.0,0.0
162r_3,180,187,184,0.0,0.0,0.0,0.0,0.0,0.0
162v_1,231,239,250,0.0,0.0,0.0,0.0,0.0,0.0
162v_2,88,92,119,0.0,0.0,0.0,0.0,0.0,0.0
162v_3,320,324,283,0.0,0.0,0.0,0.0,0.0,0.0
162v_4,1122,1160,1149,0.0,0.0,0.0,0.0,0.0,0.0
163r_1,1268,1319,1287,0.0,0.0,0.0,0.0,0.0,0.0
163r_2,323,336,323,0.0,0.0,0.0,0.0,0.0,0.0
163v_1,595,611,561,28.403361344537814,28.477905073649755,30.124777183600713,0.0,0.0,0.0
163v_2,735,758,716,0.0,0.0,0.0,0.0,0.0,0.0
163v_3,309,316,321,0.0,0.0,0.0,0.0,0.0,0.0
164r_1,267,275,269,0.0,0.0,0.0,0.0,0.0,0.0
164r_2,266,272,255,0.0,0.0,0.0,0.0,0.0,0.0
164r_3,570,584,563,0.0,0.0,0.0,0.0,0.0,0.0
164r_4,406,425,407,0.0,0.0,0.0,0.0,0.0,0.0
164v_1,998,1020,1006,37.07414829659319,36.86274509803921,36.58051689860835,0.0,0.0,0.0
164v_2,515,537,518,0.0,0.0,0.0,0.0,0.0,0.0
164v_3,619,634,634,0.0,0.0,0.0,0.0,0.0,0.0
165r_1,128,130,114,0.0,0.0,0.0,0.0,0.0,0.0
165r_2,149,152,151,0.0,0.0,0.0,0.0,0.0,0.0
165r_3,165,168,184,0.0,0.0,0.0,0.0,0.0,0.0
165r_4,607,625,573,19.110378912685338,18.88,20.069808027923212,0.0,0.0,0.0
165r_5,172,179,171,0.0,0.0,0.0,0.0,0.0,0.0
165r_6,449,456,457,0.0,0.0,0.0,0.0,0.0,0.0
165v_1,493,508,464,73.02231237322515,73.03149606299213,76.9396551724138,0.0,0.0,0.0
165v_2,317,328,313,0.0,0.0,0.0,0.0,0.0,0.0
165v_3,208,217,211,22.596153846153847,22.580645161290324,25.118483412322274,0.0,0.0,0.0
165v_4,298,304,280,0.0,0.0,0.0,0.0,0.0,0.0
165v_5,196,206,193,0.0,0.0,0.0,0.0,0.0,0.0
165v_6,200,207,196,0.0,0.0,0.0,0.0,0.0,0.0
165v_7,224,228,184,0.0,0.0,0.0,0.0,0.0,0.0
166r_1,2465,2539,2555,0.0,0.0,0.0,10.182555780933063,10.161480897991336,10.25440313111546
166v_2,179,184,168,0.0,0.0,0.0,0.0,0.0,0.0
166v_3,229,236,216,0.0,0.0,0.0,0.0,0.0,0.0
166v_4,154,163,149,0.0,0.0,0.0,0.0,0.0,0.0
166v_5,236,245,231,0.0,0.0,0.0,0.0,0.0,0.0
167r_1,6065,6235,5939,0.0,0.0,0.0,81.68178070898598,81.71611868484362,81.27630914295337
169r_1,1028,1034,1008,0.0,0.0,0.0,0.0,0.0,0.0
169v_1,264,271,256,0.0,0.0,0.0,0.0,0.0,0.0
169v_2,2357,2423,2363,13.364446330080611,13.330581923235659,12.99195937367753,12.261349172677132,12.133718530747007,12.99195937367753
170r_1,241,257,247,0.0,0.0,0.0,0.0,0.0,0.0
170r_2,159,164,176,0.0,0.0,0.0,0.0,0.0,0.0
170r_3,93,98,88,0.0,0.0,0.0,0.0,0.0,0.0
170r_4,194,201,189,0.0,0.0,0.0,0.0,0.0,0.0
170r_5,235,242,198,0.0,0.0,0.0,0.0,0.0,0.0
170r_6,631,647,580,35.34072900158478,35.7032457496136,36.724137931034484,0.0,0.0,0.0
170v_1,498,507,523,0.0,0.0,0.0,0.0,0.0,0.0
170v_2,269,278,282,16.728624535315983,15.827338129496402,15.957446808510639,0.0,0.0,0.0
170v_3,497,510,536,12.273641851106639,11.764705882352942,11.567164179104477,0.0,0.0,0.0
170v_4,286,296,292,0.0,0.0,0.0,0.0,0.0,0.0
